filename, Campylobacter, E.Coli, Staphylococcus, Streptococcus, Yeast
streptococcus_3_16_jpg.rf.98cbf1eb923456ecbfe2a69c106bd504.jpg, 0, 0, 0, 1, 0
streptococcus_0_11_jpg.rf.93c6e3581dd3655f158fe070e28a79f4.jpg, 0, 0, 0, 1, 0
staphylococcus_aureus_2_23_jpg.rf.9f7c14c0434ef820e63e064e10487dae.jpg, 0, 0, 1, 0, 0
yeast_1_1_jpg.rf.a0bfc4f7fda241c622beb377b0ff8df5.jpg, 0, 0, 0, 0, 1
staphylococcus_aureus_2_1_jpg.rf.9640f9c4f78efb1d7c40838b10a7ab63.jpg, 0, 0, 1, 0, 0
ecoli_0_0_jpg.rf.a030bf2498b27c28b10924a4866776b9.jpg, 0, 1, 0, 0, 0
campylobacter_0_2_jpg.rf.9dc201849d1621fe1e890d1f1c382697.jpg, 1, 0, 0, 0, 0
streptococcus_2_21_jpg.rf.95cd808203e231ad886c8a92d494749a.jpg, 0, 0, 0, 1, 0
yeast_1_9_jpg.rf.9de99426ffb51a3304f8a3a83ad264eb.jpg, 0, 0, 0, 0, 1
staphylococcus_aureus_3_12_jpg.rf.966135c5bc1264673c8b38ee80043dcb.jpg, 0, 0, 1, 0, 0
yeast_0_15_jpg.rf.926256c4ed5b1e891154070ee42e5889.jpg, 0, 0, 0, 0, 1
streptococcus_3_14_jpg.rf.9eac1b0c34ad3ae4074e19d6b3d3b609.jpg, 0, 0, 0, 1, 0
campylobacter_0_4_jpg.rf.95e958eabec16d70456e450d0bcceee0.jpg, 1, 0, 0, 0, 0
yeast_1_0_jpg.rf.927b43246e6a78798cabca1de0a34c11.jpg, 0, 0, 0, 0, 1
staphylococcus_aureus_2_22_jpg.rf.9917b68a8681837fc1d1211ee75882f4.jpg, 0, 0, 1, 0, 0
streptococcus_1_21_jpg.rf.9e371f0f88eb190d29c962933cb53d77.jpg, 0, 0, 0, 1, 0
streptococcus_1_3_jpg.rf.9a87f7ad2927ebe7371dc44916482e5f.jpg, 0, 0, 0, 1, 0
staphylococcus_aureus_1_1_jpg.rf.9b4c1ffafae00beab0d99356dd09ff02.jpg, 0, 0, 1, 0, 0
yeast_0_23_jpg.rf.98129d06567da2f1aa574a9cdff91838.jpg, 0, 0, 0, 0, 1
staphylococcus_aureus_2_12_jpg.rf.a388f2ca29258e87ed4c6dd208c8435c.jpg, 0, 0, 1, 0, 0
yeast_1_8_jpg.rf.975aac6ceb6a868921fcc261770cc4df.jpg, 0, 0, 0, 0, 1
streptococcus_2_21_jpg.rf.9f898740fb438f82bbb99290b5fe3c0a.jpg, 0, 0, 0, 1, 0
streptococcus_2_23_jpg.rf.9d469ec9eca06d24b1d09a1ca137883f.jpg, 0, 0, 0, 1, 0
staphylococcus_aureus_2_4_jpg.rf.a152729cd060f6babbf2154eec277a21.jpg, 0, 0, 1, 0, 0
streptococcus_2_9_jpg.rf.a508083107ef868cdc3301714c9dd8b8.jpg, 0, 0, 0, 1, 0
streptococcus_1_9_jpg.rf.a420b6cf2b725d997e66031559876277.jpg, 0, 0, 0, 1, 0
streptococcus_2_13_jpg.rf.a639fedd652f8308b062a4dfd0696f73.jpg, 0, 0, 0, 1, 0
yeast_0_6_jpg.rf.92bba70296a913cf4ffa1f41aebb73f9.jpg, 0, 0, 0, 0, 1
ecoli_0_1_jpg.rf.a6b9a3fa244550d9ea710046d59b8110.jpg, 0, 1, 0, 0, 0
staphylococcus_aureus_3_14_jpg.rf.a94167a733a068c61f96127e5f5e6b5f.jpg, 0, 0, 1, 0, 0
staphylococcus_aureus_3_10_jpg.rf.a5865f4e9e970c1947acd2ba28af3b43.jpg, 0, 0, 1, 0, 0
streptococcus_1_8_jpg.rf.a87b168f2116330aac1bdcb295cd59b5.jpg, 0, 0, 0, 1, 0
streptococcus_2_5_jpg.rf.a7cbb83842eaa868e647b56bcee06514.jpg, 0, 0, 0, 1, 0
streptococcus_0_10_jpg.rf.a408efba2d0ea6626de42902bf3bf64e.jpg, 0, 0, 0, 1, 0
yeast_0_24_jpg.rf.a8d1563166d44d5ee324c1a94d53d507.jpg, 0, 0, 0, 0, 1
streptococcus_0_3_jpg.rf.a7c63eb588d529c1f3cd98095dac71cf.jpg, 0, 0, 0, 0, 0
streptococcus_1_9_jpg.rf.abec0be15e20632dd3617daf8e6600fe.jpg, 0, 0, 0, 1, 0
staphylococcus_aureus_3_12_jpg.rf.ad8c17d4d4f754a3c9e1cb2e9b732051.jpg, 0, 0, 1, 0, 0
streptococcus_0_1_jpg.rf.abac81054ea7572bf4d57e5202c3d887.jpg, 0, 0, 0, 1, 0
streptococcus_1_25_jpg.rf.a943a5f56e7cc45af6f241477f30288e.jpg, 0, 0, 0, 1, 0
streptococcus_3_19_jpg.rf.ab8a10274392a90ee0d87c6f6b853d42.jpg, 0, 0, 0, 1, 0
streptococcus_2_1_jpg.rf.af44ff5bfd8fd43cba97a6595f707905.jpg, 0, 0, 0, 1, 0
streptococcus_3_0_jpg.rf.ac2d6ae0922e0744fef8e179336e75e6.jpg, 0, 0, 0, 1, 0
streptococcus_1_17_jpg.rf.ab9754b00bb2c39634474d153d333786.jpg, 0, 0, 0, 1, 0
yeast_0_0_jpg.rf.ac366fbd482bf18e5ad475b9450814f8.jpg, 0, 0, 0, 0, 1
yeast_1_3_jpg.rf.a955e94ef21d3ae25f04805a07479eb7.jpg, 0, 0, 0, 0, 1
ecoli_4_1_jpg.rf.af529e3a0f716784aa355345fd360292.jpg, 0, 1, 0, 0, 0
yeast_0_3_jpg.rf.b06faec3c854435e26eca93e138c94b9.jpg, 0, 0, 0, 0, 1
streptococcus_2_1_jpg.rf.af6975fba5bd794bd7f2c455e279bf18.jpg, 0, 0, 0, 1, 0
yeast_1_10_jpg.rf.ae23256228d5567112ab4a471a61eff1.jpg, 0, 0, 0, 0, 1
streptococcus_2_3_jpg.rf.b49cd17c31647d7fad90a22ef4eefe77.jpg, 0, 0, 0, 1, 0
staphylococcus_aureus_2_8_jpg.rf.b7f40c91b2daaccda1a3c427895a0813.jpg, 0, 0, 1, 0, 0
streptococcus_2_13_jpg.rf.b653c01c6a625c3c7a03a46de8f36212.jpg, 0, 0, 0, 1, 0
streptococcus_1_13_jpg.rf.b400f44e67f8e201b7544b7904860378.jpg, 0, 0, 0, 1, 0
streptococcus_1_17_jpg.rf.ba190433206abc7725784105066c252a.jpg, 0, 0, 0, 1, 0
streptococcus_3_22_jpg.rf.be1104ec292bbb57c4ec709e694b4d6b.jpg, 0, 0, 0, 1, 0
streptococcus_3_14_jpg.rf.b64719e25540128ad3f8462cb86a1830.jpg, 0, 0, 0, 1, 0
staphylococcus_aureus_2_21_jpg.rf.affaf3e5dbabf23c02c4adc1b7cf9a95.jpg, 0, 0, 1, 0, 0
yeast_1_11_jpg.rf.bf8cd30e6384dbf57f1b831e48ea5a41.jpg, 0, 0, 0, 0, 1
campylobacter_0_2_jpg.rf.b49dbd0386c438cf04f8793462213ded.jpg, 1, 0, 0, 0, 0
staphylococcus_aureus_2_9_jpg.rf.b7ac559b0d0dc7a00b54674480943404.jpg, 0, 0, 1, 0, 0
streptococcus_2_27_jpg.rf.beb0e080ea8f9c81920c87c9fc3a3c61.jpg, 0, 0, 0, 1, 0
campylobacter_0_3_jpg.rf.b897f4c9c578980b2b08103799c9d179.jpg, 1, 0, 0, 0, 0
ecoli_0_1_jpg.rf.bf4886a1b1a5a473a9f2edbef4922338.jpg, 0, 1, 0, 0, 0
yeast_0_23_jpg.rf.bb3070a101fabde41f2068d58e5130d4.jpg, 0, 0, 0, 0, 1
staphylococcus_aureus_2_12_jpg.rf.b46a92ce8e234baca7590abfaeac6046.jpg, 0, 0, 1, 0, 0
campylobacter_0_4_jpg.rf.c4b6f26890bd8852df96d552014d2acf.jpg, 1, 0, 0, 0, 0
yeast_0_4_jpg.rf.bfc171a686716dfce28bd8eed1c4255a.jpg, 0, 0, 0, 0, 1
campylobacter_4_2_jpg.rf.c65c2f27abd7370170c92b1f83ef19bc.jpg, 1, 0, 0, 0, 0
yeast_0_22_jpg.rf.c39822fed8486b83632e823041272790.jpg, 0, 0, 0, 0, 1
streptococcus_2_17_jpg.rf.c11397a837f385d153089d965004c0c9.jpg, 0, 0, 0, 1, 0
streptococcus_1_7_jpg.rf.c501361a70ccb08cbae73d3519cb04d2.jpg, 0, 0, 0, 1, 0
yeast_0_14_jpg.rf.c1f8922e629fc7f4b9d85052f3ea13c9.jpg, 0, 0, 0, 0, 1
streptococcus_2_13_jpg.rf.c4351fe211e5b9b5ad482e8aa6c2dd0f.jpg, 0, 0, 0, 1, 0
yeast_0_8_jpg.rf.c421a144bc1cde933fc0d3bae6f497fb.jpg, 0, 0, 0, 0, 1
streptococcus_2_5_jpg.rf.c76853217ab62978f56f6313078009c1.jpg, 0, 0, 0, 1, 0
yeast_1_7_jpg.rf.c80fdc2c15b7a0e325f2d90f365949b6.jpg, 0, 0, 0, 0, 1
staphylococcus_aureus_1_0_jpg.rf.c76decd69a3c6a604417996ca078dbd0.jpg, 0, 0, 1, 0, 0
staphylococcus_aureus_2_15_jpg.rf.c755d3701a634ae808d5a8b04dd977ef.jpg, 0, 0, 1, 0, 0
streptococcus_1_11_jpg.rf.ca7e0742508f4e12e6415642a68dc685.jpg, 0, 0, 0, 1, 0
streptococcus_2_26_jpg.rf.c5b76d61cf7f145fd8afb8665c8d0408.jpg, 0, 0, 0, 1, 0
yeast_0_4_jpg.rf.ccd2b191b253dbb93ceb92def2989574.jpg, 0, 0, 0, 0, 1
staphylococcus_aureus_3_14_jpg.rf.cab5ece41f3137195e525ebf2548074c.jpg, 0, 0, 1, 0, 0
streptococcus_1_8_jpg.rf.cb9b9f4a8847b38a9d4f098f4ce36cad.jpg, 0, 0, 0, 1, 0
yeast_0_11_jpg.rf.caf74302634aa23745fbfc07226677ea.jpg, 0, 0, 0, 0, 1
streptococcus_2_3_jpg.rf.cc80383379187d7185af121dde6048cf.jpg, 0, 0, 0, 1, 0
streptococcus_2_16_jpg.rf.ce48923a68fa276e109036f14c770747.jpg, 0, 0, 0, 1, 0
yeast_0_14_jpg.rf.cd5a4e2dff91aeacfc4d9a7983bfb57d.jpg, 0, 0, 0, 0, 1
streptococcus_2_4_jpg.rf.ceaf4812f37bd33be647c9b243e71db7.jpg, 0, 0, 0, 1, 0
streptococcus_3_23_jpg.rf.c983c5db5668410014d8ec24a9bf1fa0.jpg, 0, 0, 0, 1, 0
streptococcus_3_25_jpg.rf.d08e4fca72cf85f17bda12ca585d1f5b.jpg, 0, 0, 0, 1, 0
streptococcus_1_26_jpg.rf.cc939e627d9bdc683dbbf78a4c203e4c.jpg, 0, 0, 0, 1, 0
streptococcus_2_4_jpg.rf.d21808f5e541cfac23580833270e451f.jpg, 0, 0, 0, 1, 0
ecoli_1_3_jpg.rf.d0cdffe94075d74fba40331bae861247.jpg, 0, 1, 0, 0, 0
staphylococcus_aureus_3_12_jpg.rf.d2808b8dd68467f11e6ad3e38babe49d.jpg, 0, 0, 1, 0, 0
streptococcus_1_11_jpg.rf.cecc2e8656b57bc4798ebafa1f3f09c3.jpg, 0, 0, 0, 1, 0
yeast_0_20_jpg.rf.cfefdf2af422ff1cdc428315d35c17e7.jpg, 0, 0, 0, 0, 1
streptococcus_0_24_jpg.rf.d150ab66bf630b89000768ee644153ff.jpg, 0, 0, 0, 1, 0
streptococcus_2_14_jpg.rf.d2dced00a2e925b57ba38ebef19c4256.jpg, 0, 0, 0, 1, 0
campylobacter_4_1_jpg.rf.d5341821a8c2676d52e70771f4fa2dfd.jpg, 1, 0, 0, 0, 0
yeast_0_10_jpg.rf.d2d8f61d041f00b7856babfee82887b1.jpg, 0, 0, 0, 0, 1
streptococcus_0_12_jpg.rf.d48db05afaf0d41b0cb8182a77f4d4f8.jpg, 0, 0, 0, 1, 0
streptococcus_2_12_jpg.rf.d4f376ea2ef1e9ff4db43e48d9f67ae4.jpg, 0, 0, 0, 1, 0
streptococcus_1_16_jpg.rf.d78e8f94f63a030f211c7c32b98b5673.jpg, 0, 0, 0, 1, 0
streptococcus_2_6_jpg.rf.d7c8c60801fd3d76b43f18c9987277d6.jpg, 0, 0, 0, 1, 0
streptococcus_2_2_jpg.rf.da5e11d8f7238ccb7f0ebeb5e10fd0fb.jpg, 0, 0, 0, 1, 0
streptococcus_2_3_jpg.rf.d5002669b7387f3f67d3dbc06fc6b266.jpg, 0, 0, 0, 1, 0
streptococcus_3_6_jpg.rf.cdc24f900ae3dbdfe20cf9b00e4bf5fb.jpg, 0, 0, 0, 1, 0
ecoli_1_1_jpg.rf.d6d33bde3f1bd0caf6b5ca1ce89068c5.jpg, 0, 1, 0, 0, 0
yeast_0_17_jpg.rf.d96acb54f324f2ed3c149032330f68b2.jpg, 0, 0, 0, 0, 1
yeast_0_21_jpg.rf.dae59c690e914f617684e589c7d4594f.jpg, 0, 0, 0, 0, 1
staphylococcus_aureus_2_1_jpg.rf.dec6b9bf53a842d4e8cb410277c9cc03.jpg, 0, 0, 1, 0, 0
streptococcus_1_5_jpg.rf.dcbe1f4b3ea74476b45e5ad50c9ce089.jpg, 0, 0, 0, 1, 0
streptococcus_0_18_jpg.rf.dc3ad44a98615f8a7896a100326988ed.jpg, 0, 0, 0, 1, 0
yeast_0_12_jpg.rf.de9cc072a0b83fa0460cc0b6187da138.jpg, 0, 0, 0, 0, 1
staphylococcus_aureus_2_17_jpg.rf.deff8f8eed3a25d0362905f1086377ae.jpg, 0, 0, 1, 0, 0
streptococcus_0_14_jpg.rf.da26955a18fea08e324b95d52b9240aa.jpg, 0, 0, 0, 1, 0
streptococcus_3_0_jpg.rf.df32c6e807b72ed8c5da33bf168f57b8.jpg, 0, 0, 0, 1, 0
streptococcus_3_22_jpg.rf.d826aab565e79c10c2e108e8f96909e5.jpg, 0, 0, 0, 1, 0
yeast_0_15_jpg.rf.dc2905ed7c30a675c8f8a34ae84e2f4a.jpg, 0, 0, 0, 0, 1
staphylococcus_aureus_2_6_jpg.rf.dcb1f5df56923a45c43fb777ec45ad29.jpg, 0, 0, 1, 0, 0
streptococcus_0_25_jpg.rf.e064671b9f9ea663c4d51bbd99af6f18.jpg, 0, 0, 0, 1, 0
streptococcus_0_2_jpg.rf.e0b9e3ed78cd4812f015c2c6c56b2ee0.jpg, 0, 0, 0, 1, 0
yeast_0_9_jpg.rf.dd829f26586d4fc4085e2fb5ba52946f.jpg, 0, 0, 0, 0, 1
yeast_0_9_jpg.rf.daf75935691a4621779d341ca158520e.jpg, 0, 0, 0, 0, 1
staphylococcus_aureus_2_17_jpg.rf.e139dc0fed04c859d62fa844bd74b32a.jpg, 0, 0, 1, 0, 0
streptococcus_0_22_jpg.rf.e0aa0708073f27380cfa4c78a9c87d69.jpg, 0, 0, 0, 1, 0
streptococcus_2_26_jpg.rf.dafdbb5516f44d0c77b703afd06dcf18.jpg, 0, 0, 0, 1, 0
streptococcus_1_7_jpg.rf.e95579b92df1dd073f4216e4b757f08e.jpg, 0, 0, 0, 1, 0
streptococcus_2_12_jpg.rf.e5d47b14f5d7bfadffd85fe6dfbe7051.jpg, 0, 0, 0, 1, 0
staphylococcus_aureus_2_6_jpg.rf.e79c2e8f5862a6db4a11985bc5c01f0a.jpg, 0, 0, 1, 0, 0
staphylococcus_aureus_2_6_jpg.rf.e46ef580917c8e33135172d048cf9333.jpg, 0, 0, 1, 0, 0
streptococcus_0_12_jpg.rf.e98e95c7f74bf85a6c0bcc702167b283.jpg, 0, 0, 0, 1, 0
yeast_0_3_jpg.rf.e5d6a26faceed085efcc0ab8f401d170.jpg, 0, 0, 0, 0, 1
streptococcus_3_20_jpg.rf.ebd7b1c35c137c761081f8013142fa11.jpg, 0, 0, 0, 0, 0
staphylococcus_aureus_1_1_jpg.rf.e8154d27624542e3c8570778094267ac.jpg, 0, 0, 1, 0, 0
staphylococcus_aureus_2_14_jpg.rf.eaacc63be97aa95f7075656e73702fb2.jpg, 0, 0, 1, 0, 0
staphylococcus_aureus_2_22_jpg.rf.e9019a3a26ff5f8f1fb764e39e4966c6.jpg, 0, 0, 1, 0, 0
yeast_0_11_jpg.rf.ef17176d3e2eadbfbc10b80bc07ef043.jpg, 0, 0, 0, 0, 1
streptococcus_2_17_jpg.rf.e8bf56d1116c357e3c173da5e331f1aa.jpg, 0, 0, 0, 1, 0
streptococcus_1_16_jpg.rf.ed2ada592e84f1858bcd50166cb260ea.jpg, 0, 0, 0, 1, 0
yeast_1_3_jpg.rf.ef9ca3098e6ed1ced0cb69c9d1b7cd5e.jpg, 0, 0, 0, 0, 1
staphylococcus_aureus_1_0_jpg.rf.ef68b4a33e6c630d2fade2701e8dace0.jpg, 0, 0, 1, 0, 0
streptococcus_1_13_jpg.rf.f1126faffb8e1d9bd8da284b466b4576.jpg, 0, 0, 0, 1, 0
campylobacter_0_3_jpg.rf.f697add63c0165f4a4d96e8e10193eee.jpg, 1, 0, 0, 0, 0
streptococcus_3_0_jpg.rf.f646dee269d428dd33b1abc0b7f3c557.jpg, 0, 0, 0, 1, 0
staphylococcus_aureus_2_16_jpg.rf.f537fad7f73ae2df2a992c31d3ac6619.jpg, 0, 0, 1, 0, 0
yeast_1_9_jpg.rf.f66fb47e592253522d9250b419483682.jpg, 0, 0, 0, 0, 1
yeast_0_11_jpg.rf.f8b51c9f3b1292085d8360647f0ccff4.jpg, 0, 0, 0, 0, 1
streptococcus_1_21_jpg.rf.f936ffb6f28c8652d14c58d82a216be8.jpg, 0, 0, 0, 1, 0
streptococcus_2_14_jpg.rf.f6c9d8e2d39aaabfc3d5e4bb029b7a3f.jpg, 0, 0, 0, 1, 0
streptococcus_0_25_jpg.rf.f86c3dcc5bb3a6af66047fe13b25db7b.jpg, 0, 0, 0, 1, 0
ecoli_1_3_jpg.rf.f85666869aea24af1941e1982ce24aa4.jpg, 0, 1, 0, 0, 0
streptococcus_1_12_jpg.rf.f46723fa9c01ea0fcd2b969f5ec13f3e.jpg, 0, 0, 0, 1, 0
streptococcus_1_25_jpg.rf.fae7ef1c32e615966db3d31d0a307e17.jpg, 0, 0, 0, 1, 0
streptococcus_1_12_jpg.rf.f958b9c75517f72cf99f6fdedb706cae.jpg, 0, 0, 0, 1, 0
yeast_1_10_jpg.rf.fc0e3e08a56b616dc59bcc696f3eeff3.jpg, 0, 0, 0, 0, 1
yeast_0_20_jpg.rf.fd68135902029f9060e358d8236ed7c0.jpg, 0, 0, 0, 0, 1
streptococcus_0_13_jpg.rf.fcb7d7e6a83fb631055c302dbfcca03c.jpg, 0, 0, 0, 1, 0
campylobacter_0_6_jpg.rf.fbbe38aa3a190ddcec952e7bf2a4fcbc.jpg, 1, 0, 0, 0, 0
ecoli_1_0_jpg.rf.fdda9e3864395c68211a3192721aba4e.jpg, 0, 1, 0, 0, 0
streptococcus_0_10_jpg.rf.fec047e9c81cf4f743962f4162013ea7.jpg, 0, 0, 0, 1, 0
staphylococcus_aureus_3_13_jpg.rf.fe670a66bfc8869ab0ab1aff25c4ee1a.jpg, 0, 0, 1, 0, 0
staphylococcus_aureus_2_17_jpg.rf.fda49ee0feb3e6f3a837608d2df5e1f8.jpg, 0, 0, 1, 0, 0
streptococcus_3_10_jpg.rf.fdefc91d9c44d64a99bb2a9f70282b68.jpg, 0, 0, 0, 1, 0
streptococcus_3_6_jpg.rf.fab8fa4448f01ba035730fb3eceb7eba.jpg, 0, 0, 0, 1, 0
streptococcus_2_10_jpg.rf.012368d19bf4d5a519501941fedc033c.jpg, 0, 0, 0, 1, 0
yeast_1_8_jpg.rf.01280bf4c1726773b6c28f165000338f.jpg, 0, 0, 0, 0, 1
staphylococcus_aureus_2_11_jpg.rf.01649ad1e9fde6f801ff1c0d634865ff.jpg, 0, 0, 1, 0, 0
streptococcus_1_7_jpg.rf.002e37fd2dea447a2d0f10110ae5fa13.jpg, 0, 0, 0, 1, 0
campylobacter_3_0_jpg.rf.0199947d460ffccec6c529161801241a.jpg, 1, 0, 0, 0, 0
staphylococcus_aureus_2_22_jpg.rf.03b795ad949601dd3fd3af5470bc00c3.jpg, 0, 0, 1, 0, 0
streptococcus_2_6_jpg.rf.056744d59993543c1acb760168b377b0.jpg, 0, 0, 0, 1, 0
streptococcus_2_17_jpg.rf.00cdaf71732ff348d2b2f83c9eea820f.jpg, 0, 0, 0, 1, 0
campylobacter_0_6_jpg.rf.06d6c495ab97d9da04f1a0175ffd8c06.jpg, 1, 0, 0, 0, 0
staphylococcus_aureus_2_11_jpg.rf.06d12bbab20e9d36af936b41c76888c9.jpg, 0, 0, 1, 0, 0
streptococcus_2_2_jpg.rf.0762a298c7521b8b6fcef5d9db390ecd.jpg, 0, 0, 0, 1, 0
yeast_0_23_jpg.rf.0956e760be66a65a59c3e941e7ae2ea3.jpg, 0, 0, 0, 0, 1
streptococcus_3_14_jpg.rf.04d73c415809dae41143b82c43418333.jpg, 0, 0, 0, 1, 0
streptococcus_2_16_jpg.rf.08e09929ddeb4ed2fe7316ad1bd86173.jpg, 0, 0, 0, 1, 0
yeast_0_6_jpg.rf.0262c90fceab64c65f3de1b2a09c68f8.jpg, 0, 0, 0, 0, 1
campylobacter_0_5_jpg.rf.0c44fcd83125a745c78633a47f4f7978.jpg, 1, 0, 0, 0, 0
streptococcus_0_11_jpg.rf.0e236042e3c25c1668c1753dd9d5a10a.jpg, 0, 0, 0, 1, 0
streptococcus_0_2_jpg.rf.0dcf6ca0f3757b4d51702d157119ced4.jpg, 0, 0, 0, 1, 0
campylobacter_0_4_jpg.rf.0d0596eec82ca3b7ad2aa9b477721101.jpg, 1, 0, 0, 0, 0
streptococcus_1_26_jpg.rf.0f659811d5c6b820ecdd076ed18305aa.jpg, 0, 0, 0, 1, 0
yeast_0_26_jpg.rf.1235dae0c069bf21575b76fde9bd76e1.jpg, 0, 0, 0, 0, 1
yeast_1_1_jpg.rf.1072c891134c57de40aa6eb5f6f8ed80.jpg, 0, 0, 0, 0, 1
streptococcus_0_18_jpg.rf.17a88531f70ee3dfd1e405fb48bc8c95.jpg, 0, 0, 0, 1, 0
streptococcus_3_21_jpg.rf.19577d9bd6cb8d238e6ba7c06a42bbc5.jpg, 0, 0, 0, 1, 0
streptococcus_0_0_jpg.rf.163f0c5632c633ac977ed95150ce7bea.jpg, 0, 0, 0, 1, 0
streptococcus_3_21_jpg.rf.18da326ad461aeeb8e49b9b24370cbdc.jpg, 0, 0, 0, 1, 0
staphylococcus_aureus_2_18_jpg.rf.1c052d038cb213f9708fe4f648cda643.jpg, 0, 0, 1, 0, 0
ecoli_1_0_jpg.rf.1c2f8c0e8dd9ddf76646461dd54b2029.jpg, 0, 1, 0, 0, 0
staphylococcus_aureus_2_23_jpg.rf.1b272cc68ca380da1b8b0d1f2313d9bf.jpg, 0, 0, 1, 0, 0
campylobacter_1_1_jpg.rf.170d6d2dcd155bc09e9208797c50f944.jpg, 1, 0, 0, 0, 0
streptococcus_1_21_jpg.rf.1d8e31fd082b38d600dfda3e40276dde.jpg, 0, 0, 0, 1, 0
streptococcus_2_25_jpg.rf.1e9d82c65acfa4e9bc58424542c0cb88.jpg, 0, 0, 0, 1, 0
streptococcus_1_26_jpg.rf.1031c6e73a431741f10f67f110ead29f.jpg, 0, 0, 0, 1, 0
streptococcus_3_10_jpg.rf.1b5fae283a629454a6b13650c584e558.jpg, 0, 0, 0, 1, 0
streptococcus_3_3_jpg.rf.1fe503d0bba5035d3d2b8a2902d6f4c4.jpg, 0, 0, 0, 1, 0
staphylococcus_aureus_2_12_jpg.rf.1b625be3127f624a445c99406d2e829a.jpg, 0, 0, 1, 0, 0
yeast_1_4_jpg.rf.21f5b4144b27bc7c119545cf9446d31d.jpg, 0, 0, 0, 0, 1
streptococcus_2_23_jpg.rf.152523f4b36980237b7e9ad73e50efa7.jpg, 0, 0, 0, 1, 0
streptococcus_2_12_jpg.rf.206f0063e8bfdf23be47fbb5b18abd32.jpg, 0, 0, 0, 1, 0
streptococcus_1_3_jpg.rf.1613f3f508df7fd34a87b6b080d076e8.jpg, 0, 0, 0, 1, 0
campylobacter_0_5_jpg.rf.15e16b28fd92deb82840cc4bec1ad117.jpg, 1, 0, 0, 0, 0
streptococcus_2_10_jpg.rf.1f78f6721dc0ab7ba6b6353275743881.jpg, 0, 0, 0, 1, 0
streptococcus_1_2_jpg.rf.132bcbac89748f160c4edc46627d17ee.jpg, 0, 0, 0, 1, 0
streptococcus_3_7_jpg.rf.2218c35be5ea6bcc90c54e5d1e04593c.jpg, 0, 0, 0, 1, 0
streptococcus_0_24_jpg.rf.20d74bdac46cfe423be203cc264a8b40.jpg, 0, 0, 0, 1, 0
ecoli_3_0_jpg.rf.222ad527f902b4a20584511207e33d54.jpg, 0, 1, 0, 0, 0
yeast_0_12_jpg.rf.228fb3cd40964beff191c1783a9f2e43.jpg, 0, 0, 0, 0, 1
yeast_0_8_jpg.rf.2286ccd8b0d7f50f93e84f63a12778cf.jpg, 0, 0, 0, 0, 1
streptococcus_2_0_jpg.rf.133943b7a195df1db3331a11b951c344.jpg, 0, 0, 0, 1, 0
streptococcus_1_20_jpg.rf.1c419af65475d5cc4b0308eeb721db2b.jpg, 0, 0, 0, 1, 0
yeast_0_21_jpg.rf.22dde772a2d3b8ea93cc9d8b5c69818d.jpg, 0, 0, 0, 0, 1
streptococcus_0_24_jpg.rf.23351cccd81ba5b22bc1c0fecbbb0895.jpg, 0, 0, 0, 1, 0
yeast_1_8_jpg.rf.233111acc231ccba257cb3da9797c0fd.jpg, 0, 0, 0, 0, 1
staphylococcus_aureus_2_21_jpg.rf.236e069cb0bfb779bac57d5b778bfb30.jpg, 0, 0, 1, 0, 0
yeast_0_27_jpg.rf.23ac4f4d40e25d367bcaab51d886a367.jpg, 0, 0, 0, 0, 0
staphylococcus_aureus_3_14_jpg.rf.2385fcefef8308af844d437305ce041e.jpg, 0, 0, 1, 0, 0
ecoli_4_1_jpg.rf.2377092daae983bcc4be7bc9c2ca186d.jpg, 0, 1, 0, 0, 0
streptococcus_2_7_jpg.rf.23d8b231346639b8193ba863c82784e3.jpg, 0, 0, 0, 1, 0
yeast_0_24_jpg.rf.24a07a495d33c207993766c62d5002df.jpg, 0, 0, 0, 0, 1
streptococcus_3_17_jpg.rf.248c5cf52e5b8d059a45f2f820d58dc9.jpg, 0, 0, 0, 1, 0
streptococcus_3_16_jpg.rf.25cbe11b1c692e06b1c0c781a7c0df5b.jpg, 0, 0, 0, 1, 0
streptococcus_1_19_jpg.rf.250a3e8f17b0bb97c24aa794e6596b93.jpg, 0, 0, 0, 1, 0
streptococcus_2_21_jpg.rf.270178195825c9a89cfc6867a9495deb.jpg, 0, 0, 0, 1, 0
streptococcus_1_19_jpg.rf.249b5d00ad2f54fd658c1b77be4bf47b.jpg, 0, 0, 0, 1, 0
streptococcus_1_19_jpg.rf.2c846f591a03f5b938072c8416c58d5f.jpg, 0, 0, 0, 1, 0
campylobacter_3_0_jpg.rf.275f9997918219a0dde039f36f41f79b.jpg, 1, 0, 0, 0, 0
staphylococcus_aureus_3_10_jpg.rf.29eeabd4be569df708a038414d9349db.jpg, 0, 0, 1, 0, 0
streptococcus_2_25_jpg.rf.2ac6d144765e7731a1049104f0d55e46.jpg, 0, 0, 0, 1, 0
yeast_0_22_jpg.rf.2cd30dc99604fc2f36c1c567d76dcb0b.jpg, 0, 0, 0, 0, 1
ecoli_3_0_jpg.rf.2db1b3343a9035a79246585d05a23de9.jpg, 0, 1, 0, 0, 0
streptococcus_1_16_jpg.rf.2e2a47747c741fd44cb2504a4e3cd4a4.jpg, 0, 0, 0, 1, 0
streptococcus_0_12_jpg.rf.282d112de2569c242962892cca32a25b.jpg, 0, 0, 0, 1, 0
staphylococcus_aureus_3_13_jpg.rf.2ddacc53aed59b4c932f46dd5299ba0f.jpg, 0, 0, 1, 0, 0
streptococcus_3_7_jpg.rf.2ea0e0de3121291d0748d853d76ac046.jpg, 0, 0, 0, 1, 0
yeast_0_9_jpg.rf.2f24f02cba113b14d171ab88dadc9386.jpg, 0, 0, 0, 0, 1
streptococcus_1_12_jpg.rf.2a732a3d40d158e4f2ce547d8e447c64.jpg, 0, 0, 0, 1, 0
streptococcus_0_1_jpg.rf.28c2592a99c6d1a40bf3a6cf0fad6d7e.jpg, 0, 0, 0, 1, 0
streptococcus_0_25_jpg.rf.2f25315cf851b6c6ff3df02e2bdabf5d.jpg, 0, 0, 0, 1, 0
streptococcus_2_26_jpg.rf.307c4a6a5582fdf33c4467a627de6e5e.jpg, 0, 0, 0, 1, 0
streptococcus_1_9_jpg.rf.35cbb57798d7041be3ae6a5b3dc6b752.jpg, 0, 0, 0, 1, 0
staphylococcus_aureus_2_15_jpg.rf.315018eb660f192660012e35240a5511.jpg, 0, 0, 1, 0, 0
campylobacter_0_2_jpg.rf.30aa0ac42a7f023f1070a46803020236.jpg, 1, 0, 0, 0, 0
streptococcus_3_20_jpg.rf.33359c95a723c4a4857a89850b209f6a.jpg, 0, 0, 0, 0, 0
staphylococcus_aureus_2_15_jpg.rf.304cb8c5513ba49fa956dd66d29f0860.jpg, 0, 0, 1, 0, 0
streptococcus_3_23_jpg.rf.34c95c3009ec2b60b505bbb321668ab2.jpg, 0, 0, 0, 1, 0
streptococcus_0_22_jpg.rf.318c9e57f6e6cc43ecc1bb6ed6c4c5ee.jpg, 0, 0, 0, 1, 0
streptococcus_2_7_jpg.rf.377fb5616eb8a031ed5fe4d6b7c5e3f5.jpg, 0, 0, 0, 1, 0
yeast_0_20_jpg.rf.322da92c68ac26b3e4c1023ed1924084.jpg, 0, 0, 0, 0, 1
streptococcus_0_3_jpg.rf.35ff433eb764cb80051aad03afaba451.jpg, 0, 0, 0, 0, 0
staphylococcus_aureus_2_10_jpg.rf.37696d2275c5ac23f36de7914d325bc4.jpg, 0, 0, 1, 0, 0
streptococcus_0_16_jpg.rf.37d5e133194e98c34f941fdce9691c03.jpg, 0, 0, 0, 1, 0
ecoli_1_1_jpg.rf.38fdccaca9d26cca91095eaf159b0102.jpg, 0, 1, 0, 0, 0
streptococcus_1_23_jpg.rf.38010141ad62518af9624371267e6d86.jpg, 0, 0, 0, 1, 0
streptococcus_2_9_jpg.rf.369708f7794af984e751e326cccb90e4.jpg, 0, 0, 0, 1, 0
staphylococcus_aureus_2_9_jpg.rf.398c6c1f22d15cde5080bc04900a0b97.jpg, 0, 0, 1, 0, 0
streptococcus_0_16_jpg.rf.39b45670f42d6def566cd3d1b170df18.jpg, 0, 0, 0, 1, 0
staphylococcus_aureus_2_10_jpg.rf.3a2849c31040802ad4c5e024616d5ef0.jpg, 0, 0, 1, 0, 0
staphylococcus_aureus_2_16_jpg.rf.3d00601eab32d5b4dc85f87491c45d75.jpg, 0, 0, 1, 0, 0
streptococcus_0_16_jpg.rf.37f88bfc55d1356c3572587567637131.jpg, 0, 0, 0, 1, 0
yeast_1_3_jpg.rf.39ab7b4237bdc39bd18e54999de0e13f.jpg, 0, 0, 0, 0, 1
yeast_1_9_jpg.rf.3966714a1e8102465dbf332e5291855e.jpg, 0, 0, 0, 0, 1
streptococcus_3_23_jpg.rf.3b7ba5bf0f6b7b3b2c277a5e5f675070.jpg, 0, 0, 0, 1, 0
yeast_0_24_jpg.rf.3e536167dd8a99ace13fb17744361cf5.jpg, 0, 0, 0, 0, 1
yeast_0_21_jpg.rf.40b191b2506d643276430cacb70c2da0.jpg, 0, 0, 0, 0, 1
yeast_0_27_jpg.rf.3d8f6284abef0991165676469026c355.jpg, 0, 0, 0, 0, 0
streptococcus_3_21_jpg.rf.4056df6baf8cb5e3e72f47f7d6b38e0f.jpg, 0, 0, 0, 1, 0
streptococcus_3_16_jpg.rf.4174b6cbc0b4d71133575b1eeb736b23.jpg, 0, 0, 0, 1, 0
streptococcus_0_13_jpg.rf.40457a05ce2609d85de919b56765c04a.jpg, 0, 0, 0, 1, 0
streptococcus_3_26_jpg.rf.3995936edc4209ee1003f4666d08d085.jpg, 0, 0, 0, 0, 0
yeast_1_4_jpg.rf.410eed07e192e076157a6559b1f902c5.jpg, 0, 0, 0, 0, 1
campylobacter_1_1_jpg.rf.41103bb41b72ea77614e5954ffb884aa.jpg, 1, 0, 0, 0, 0
yeast_0_8_jpg.rf.420e2e4b9368590af01795c220324d6d.jpg, 0, 0, 0, 0, 1
streptococcus_3_25_jpg.rf.4112abeb96642491e16928cfb90157a2.jpg, 0, 0, 0, 1, 0
staphylococcus_aureus_2_18_jpg.rf.4571ed7d1aef9486c01c6f526f540e2b.jpg, 0, 0, 1, 0, 0
campylobacter_1_1_jpg.rf.43af6f422c57d56e510561bf0f16bef9.jpg, 1, 0, 0, 0, 0
staphylococcus_aureus_2_18_jpg.rf.39b9f8d6aa2b697c5f78f8d139ae0857.jpg, 0, 0, 1, 0, 0
ecoli_1_1_jpg.rf.453525a39bcd23349bcfd1d1e9f70c43.jpg, 0, 1, 0, 0, 0
staphylococcus_aureus_3_13_jpg.rf.4745000c0f04c67f5adcb420f638786d.jpg, 0, 0, 1, 0, 0
streptococcus_2_23_jpg.rf.44a1808ec104057a249bbf135dfc6b59.jpg, 0, 0, 0, 1, 0
staphylococcus_aureus_2_16_jpg.rf.438e0a012a1fc7823f3e047187377b0d.jpg, 0, 0, 1, 0, 0
staphylococcus_aureus_2_21_jpg.rf.43ce452203447fd83c5d6410c65ac24e.jpg, 0, 0, 1, 0, 0
campylobacter_0_6_jpg.rf.48618bf0a445d7f1d3a8609c141cdc31.jpg, 1, 0, 0, 0, 0
streptococcus_1_20_jpg.rf.48cfb2daaa9e64ddd573476cf160af28.jpg, 0, 0, 0, 1, 0
staphylococcus_aureus_2_4_jpg.rf.474a84ab9879da297ea4ba30da433eb9.jpg, 0, 0, 1, 0, 0
staphylococcus_aureus_2_8_jpg.rf.4d702466066c17086cf3df16794c1881.jpg, 0, 0, 1, 0, 0
yeast_1_7_jpg.rf.4774682e90922f7e7f052f06c8918969.jpg, 0, 0, 0, 0, 1
yeast_0_17_jpg.rf.487852a27cf81d46fbd620b282d176a6.jpg, 0, 0, 0, 0, 1
streptococcus_3_20_jpg.rf.4d9783a39090f94975229e230d6cd413.jpg, 0, 0, 0, 0, 0
streptococcus_1_8_jpg.rf.4edba7908e9064e7845d26f5c07bcd7e.jpg, 0, 0, 0, 1, 0
yeast_0_14_jpg.rf.4b44686fd5ea379f2f8c79e1cd210fc4.jpg, 0, 0, 0, 0, 1
streptococcus_3_11_jpg.rf.4d94b3b17ce345fe2fd2faf223774e1c.jpg, 0, 0, 0, 1, 0
staphylococcus_aureus_2_8_jpg.rf.532a0d91a36abc978cba658a97ba23c7.jpg, 0, 0, 1, 0, 0
streptococcus_1_20_jpg.rf.54e2830971ec50ea3eacf06ca3e08ffa.jpg, 0, 0, 0, 0, 0
streptococcus_3_10_jpg.rf.4f3c0911600bf099c18042a797708b83.jpg, 0, 0, 0, 1, 0
campylobacter_3_0_jpg.rf.4b0fe6cd67dc30b679900e556392e1bf.jpg, 1, 0, 0, 0, 0
yeast_2_10_jpg.rf.4c4bc6209c400da7944ee399d6e9bbb9.jpg, 0, 0, 0, 0, 1
streptococcus_3_3_jpg.rf.4a704fbc7d24364dd048a920812748a1.jpg, 0, 0, 0, 1, 0
streptococcus_0_15_jpg.rf.5486d24cfeda0142c5f1fe9523a13a9c.jpg, 0, 0, 0, 1, 0
staphylococcus_aureus_1_1_jpg.rf.50df1d5be12082a40dd6cc9453190054.jpg, 0, 0, 1, 0, 0
streptococcus_2_0_jpg.rf.53c78e636b9e6939cdf8f962c8852166.jpg, 0, 0, 0, 1, 0
streptococcus_1_17_jpg.rf.555168e4c2f94e9ece9212012ddb0f6a.jpg, 0, 0, 0, 1, 0
streptococcus_0_15_jpg.rf.5229cd1e3a31708d9e9a460dafdcf33a.jpg, 0, 0, 0, 1, 0
streptococcus_0_14_jpg.rf.555ded970d0e90fb67393f993413568d.jpg, 0, 0, 0, 1, 0
yeast_0_27_jpg.rf.566c7fccb04954d1282595356bf644fc.jpg, 0, 0, 0, 0, 0
streptococcus_1_3_jpg.rf.557a14b3af52f922df1d88270001cc13.jpg, 0, 0, 0, 1, 0
yeast_0_17_jpg.rf.597e59f69098160caf410627c1574570.jpg, 0, 0, 0, 0, 1
streptococcus_2_7_jpg.rf.5a0323dcef149d60673ce88bffc684d9.jpg, 0, 0, 0, 1, 0
yeast_2_10_jpg.rf.56e1df7e65114a3808ceff6fb360f607.jpg, 0, 0, 0, 0, 1
yeast_0_10_jpg.rf.576c36b870fb843153b084f7467a0a90.jpg, 0, 0, 0, 0, 1
streptococcus_1_2_jpg.rf.575a1000147ff8f6957a46796728bac9.jpg, 0, 0, 0, 1, 0
yeast_1_5_jpg.rf.59232eb979bf3593b7fa58de83c438a1.jpg, 0, 0, 0, 0, 1
ecoli_1_0_jpg.rf.5482bdcb0c2a080123ab4c7e6deccf8b.jpg, 0, 1, 0, 0, 0
ecoli_0_0_jpg.rf.59574172a21f4035381ef4a8a8e563e4.jpg, 0, 1, 0, 0, 0
ecoli_0_0_jpg.rf.5d36267b2a5adfd7b84b9d39812f49b9.jpg, 0, 1, 0, 0, 0
yeast_0_12_jpg.rf.5bcc5e189eea9fc3b1fe6bf9441d379c.jpg, 0, 0, 0, 0, 1
ecoli_0_1_jpg.rf.5e0a00b8cdb639c9ad404aabf1d9a2ae.jpg, 0, 1, 0, 0, 0
streptococcus_2_9_jpg.rf.5c4f18e3dee939f10b1dbead324d5618.jpg, 0, 0, 0, 1, 0
campylobacter_4_1_jpg.rf.5a0a7729bce39cac2a756e52d285180d.jpg, 1, 0, 0, 0, 0
streptococcus_1_23_jpg.rf.5b29e1353287f44e22afbe44d2b4827c.jpg, 0, 0, 0, 1, 0
streptococcus_0_0_jpg.rf.5e30f0c6f8605fc7045514447cceeb98.jpg, 0, 0, 0, 1, 0
staphylococcus_aureus_1_0_jpg.rf.5f4c55d1054f8df8aa45b498bbc57fca.jpg, 0, 0, 1, 0, 0
staphylococcus_aureus_2_23_jpg.rf.5f1965b5508552e6c1386a26dce44de0.jpg, 0, 0, 1, 0, 0
yeast_0_0_jpg.rf.5f14e69a686fe4fef5bf02bf093472eb.jpg, 0, 0, 0, 0, 1
staphylococcus_aureus_2_11_jpg.rf.6093219cb123a4bc01a55653e4294a14.jpg, 0, 0, 1, 0, 0
campylobacter_4_1_jpg.rf.635f271f4043de4c7c034eed0781f35d.jpg, 1, 0, 0, 0, 0
streptococcus_3_26_jpg.rf.65ef7fac533489280df050a7926f9d8f.jpg, 0, 0, 0, 0, 0
streptococcus_2_27_jpg.rf.626f8a2c1923085318bbf9e820be1604.jpg, 0, 0, 0, 1, 0
campylobacter_4_2_jpg.rf.563a3674ce009ed64e50c364854ca3d8.jpg, 1, 0, 0, 0, 0
streptococcus_1_5_jpg.rf.691e22f28293d3c130e8158a6f84b340.jpg, 0, 0, 0, 1, 0
ecoli_4_1_jpg.rf.6c72feb348a8feb3acd792688d81d29c.jpg, 0, 1, 0, 0, 0
streptococcus_2_10_jpg.rf.6b1be8bed41a474715bcb94a95d2aee5.jpg, 0, 0, 0, 1, 0
yeast_0_26_jpg.rf.5f220e9073f7d081ea6e90021610f5ec.jpg, 0, 0, 0, 0, 1
streptococcus_0_14_jpg.rf.67197cc9e53704fdf74e6b2f7b5f0525.jpg, 0, 0, 0, 1, 0
streptococcus_0_3_jpg.rf.696734a413515e09e131095ecfb4bbbc.jpg, 0, 0, 0, 0, 0
ecoli_3_0_jpg.rf.6ef0012f9427df268c44661feb667875.jpg, 0, 1, 0, 0, 0
yeast_2_10_jpg.rf.609f20160d8df2f63f738c66b2447f72.jpg, 0, 0, 0, 0, 1
streptococcus_3_19_jpg.rf.7862a6d9e4bd71a8f0c72a87011ba990.jpg, 0, 0, 0, 1, 0
streptococcus_2_16_jpg.rf.726312c32ee715a71419c68e86efb00b.jpg, 0, 0, 0, 1, 0
streptococcus_3_7_jpg.rf.76432895e0c07adc947fd1585dd6e262.jpg, 0, 0, 0, 1, 0
staphylococcus_aureus_3_10_jpg.rf.6d20af2ed51a699d4eb6d345fdfd03cb.jpg, 0, 0, 1, 0, 0
streptococcus_3_15_jpg.rf.754155effb2be0b8651d9a78d152f066.jpg, 0, 0, 0, 1, 0
streptococcus_1_23_jpg.rf.78633c27dab87856a53d6cc3918abe34.jpg, 0, 0, 0, 1, 0
streptococcus_3_25_jpg.rf.7747a4bf510ff9c3880155ec87f77cd4.jpg, 0, 0, 0, 1, 0
streptococcus_3_15_jpg.rf.79f08e7f6d06b3a5f971308e1a49d3e1.jpg, 0, 0, 0, 1, 0
yeast_1_10_jpg.rf.76b2736f12e9316563f63c2d8cefccc8.jpg, 0, 0, 0, 0, 1
yeast_1_5_jpg.rf.8016525ed2724c60cfe3e45a92381f75.jpg, 0, 0, 0, 0, 1
streptococcus_3_17_jpg.rf.7adee2068aebb2240bf4144e079cb6e8.jpg, 0, 0, 0, 1, 0
streptococcus_3_6_jpg.rf.7a75190d7e30db604ba6971175f39ca5.jpg, 0, 0, 0, 1, 0
staphylococcus_aureus_2_1_jpg.rf.8161ef520aefb93ded30d621b87d53fe.jpg, 0, 0, 1, 0, 0
streptococcus_0_22_jpg.rf.77d9457b834ba92eeb17a1f0a36d466d.jpg, 0, 0, 0, 1, 0
streptococcus_2_25_jpg.rf.79adcf2390396c065cb82227b680eadb.jpg, 0, 0, 0, 1, 0
streptococcus_1_11_jpg.rf.7ec01ae74999e445007ef9446bfd2c98.jpg, 0, 0, 0, 1, 0
streptococcus_2_2_jpg.rf.744f9146d105642a82fbabaef736ca57.jpg, 0, 0, 0, 1, 0
yeast_1_0_jpg.rf.81708398dece95c74b190716f0f53d3c.jpg, 0, 0, 0, 0, 1
yeast_0_4_jpg.rf.7ff6217ae72501d5fdc78a3f652806b2.jpg, 0, 0, 0, 0, 1
staphylococcus_aureus_2_14_jpg.rf.71cf9be850247bed58612816d20361f9.jpg, 0, 0, 1, 0, 0
streptococcus_2_5_jpg.rf.82ec4efa16e28b35624d5c50fe8e13e9.jpg, 0, 0, 0, 1, 0
staphylococcus_aureus_2_10_jpg.rf.8362d0680c733d6646b5f893a65abd2a.jpg, 0, 0, 1, 0, 0
campylobacter_0_3_jpg.rf.798fcd53f722cd5695baf2e1556e3749.jpg, 1, 0, 0, 0, 0
streptococcus_3_19_jpg.rf.8186adacdefac5b610a24dd3a074dcd1.jpg, 0, 0, 0, 1, 0
streptococcus_3_22_jpg.rf.82aa7b780e066aa2e44f2f94ce4157ad.jpg, 0, 0, 0, 1, 0
streptococcus_3_26_jpg.rf.8630c237f07ea7f49607d3e9d177d313.jpg, 0, 0, 0, 0, 0
streptococcus_3_3_jpg.rf.82144fba2890b80a21efd9c3c5d185c0.jpg, 0, 0, 0, 1, 0
yeast_1_5_jpg.rf.8607531be14d9058ce622aa444dc7836.jpg, 0, 0, 0, 0, 1
streptococcus_2_27_jpg.rf.877d81b3970ab4176e8aa961952b0eb6.jpg, 0, 0, 0, 1, 0
streptococcus_1_5_jpg.rf.80b993e27d89dc758442ed952d71487d.jpg, 0, 0, 0, 1, 0
yeast_0_10_jpg.rf.8ab8b562648a6590ed5714cb8a865814.jpg, 0, 0, 0, 0, 1
yeast_0_15_jpg.rf.88e59c5854f2e5982f8edabf7de5ef7e.jpg, 0, 0, 0, 0, 1
yeast_0_3_jpg.rf.86cdce9e619f31f2f94d23128f943c2a.jpg, 0, 0, 0, 0, 1
streptococcus_0_15_jpg.rf.89c59bf4ffec4c67ee0160abcc6413b3.jpg, 0, 0, 0, 1, 0
staphylococcus_aureus_2_14_jpg.rf.885fa969130940e1d6937e468fc11810.jpg, 0, 0, 1, 0, 0
streptococcus_3_17_jpg.rf.8b5ddbfa672d1bd1f45732ccaad9eca7.jpg, 0, 0, 0, 1, 0
streptococcus_0_0_jpg.rf.8c2e60dc709c6203507ac615dc3ce9ae.jpg, 0, 0, 0, 1, 0
streptococcus_1_13_jpg.rf.8bafb9e995ffe7e3f52ed1562150b35d.jpg, 0, 0, 0, 1, 0
streptococcus_2_1_jpg.rf.9105bb3d74a4069eb8fcb6da8ec5df5f.jpg, 0, 0, 0, 1, 0
streptococcus_3_15_jpg.rf.8e055879c92d1e565655330d3b0bc3f5.jpg, 0, 0, 0, 1, 0
streptococcus_0_18_jpg.rf.8eccccfc56077fc29fdd1b7115dec6cd.jpg, 0, 0, 0, 1, 0
yeast_0_26_jpg.rf.8f27a90f858d8682ea1032a6606dd421.jpg, 0, 0, 0, 0, 1
streptococcus_0_13_jpg.rf.8acb44505c1554af35b24ab08a95d272.jpg, 0, 0, 0, 1, 0
streptococcus_2_14_jpg.rf.91213483ca10b21fd1afac8f675b8a9f.jpg, 0, 0, 0, 1, 0
yeast_1_0_jpg.rf.89a8a76014c119f4f03c48d4329b0f74.jpg, 0, 0, 0, 0, 1
yeast_1_1_jpg.rf.8d43e142e60cf7137c0d8e8ea3554da3.jpg, 0, 0, 0, 0, 1
yeast_1_11_jpg.rf.8ee20d0a8bb2f606a26f70e75c2b2d5e.jpg, 0, 0, 0, 0, 1
streptococcus_3_11_jpg.rf.913c27daca335262f8c68152467de7fb.jpg, 0, 0, 0, 1, 0